,f1,precision,recall,balanced_accuracy,tn,fp,fn,tp,pr_auc
0,0.6122546578908006,0.7482198076617883,0.523561670132496,0.7483690661631128,262.3,7.23,19.33,21.14,0.6493738492713251
