,f1,precision,recall,balanced_accuracy,tn,fp,fn,tp,pr_auc
0,0.0759165279165279,0.26,0.04753907203907204,0.5221577921528902,140.37,0.46,7.83,0.34,0.25634293322391827
