,f1,precision,recall,balanced_accuracy,tn,fp,fn,tp,pr_auc
0,0.659367928088437,0.7442909827857446,0.5963329508985536,0.7825221352841263,260.74,8.43,16.42,24.41,0.675160977160017
