,f1,precision,recall,pr_auc,balanced_accuracy,tn,fp,fn,tp
0,0.2555555555555556,0.16312056737588654,0.5897435897435898,0,0.7111838516093836,587,118,16,23
