,f1,precision,recall,balanced_accuracy,tn,fp,fn,tp,pr_auc
0,0.2023737832406347,0.12713839289356896,0.5476137751137751,0.665955195506877,110.55,30.42,3.62,4.41,0.20393816294647443
