,f1,precision,recall,balanced_accuracy,tn,fp,fn,tp,pr_auc
0,0.0,0.0,0.0,0.4983020554184599,140.66,0.48,7.86,0.0,0.24023610620989966
