,f1,precision,recall,balanced_accuracy,tn,fp,fn,tp,pr_auc
0,0.6838105050526891,0.6379293244080458,0.7423768501580619,0.840258120328291,253.69,16.72,10.23,29.36,0.6521334814842851
