,f1,precision,recall,balanced_accuracy,tn,fp,fn,tp,pr_auc
0,0.0,0.0,0.0,0.49897630754941297,141.15,0.29,7.56,0.0,0.24384997470721367
