,f1,precision,recall,balanced_accuracy,tn,fp,fn,tp,pr_auc
0,0.6815910226816051,0.742187741157652,0.6357130262211409,0.8012256774017403,260.58,8.97,14.75,25.7,0.6808352757421536
