,f1,precision,recall,balanced_accuracy,tn,fp,fn,tp,pr_auc
0,0.6772187093712341,0.657316706157587,0.7043635799526642,0.8251653195984053,255.53,14.6,11.81,28.06,0.674019053599482
