,f1,precision,recall,balanced_accuracy,tn,fp,fn,tp,pr_auc
0,0.6565518597182972,0.724183667628277,0.6066493737884648,0.7864916694808473,261.9,9.13,15.32,23.65,0.6482407987862661
