,f1,precision,recall,balanced_accuracy,tn,fp,fn,tp,pr_auc
0,0.0,0.0,0.0,0.49851436515111547,140.78,0.42,7.8,0.0,0.2441785389020764
