,f1,precision,recall,balanced_accuracy,tn,fp,fn,tp,pr_auc
0,0.0497000777000777,0.17583333333333337,0.03014332889332889,0.513020907428361,140.15,0.58,8.04,0.23,0.20515793893525835
