,f1,precision,recall,balanced_accuracy,tn,fp,fn,tp,pr_auc
0,0.0,0.0,0.0,0.4992604440080251,140.9,0.21,7.89,0.0,0.2248595366427736
