,f1,precision,recall,balanced_accuracy,tn,fp,fn,tp,pr_auc
0,0.0,0.0,0.0,0.0015297573910147016,2.3419753382238,0.4333333333333334,2.382151646022239,0.0,0.11486840715122688
