,f1,precision,recall,balanced_accuracy,tn,fp,fn,tp,pr_auc
0,0.6631633315064853,0.7252577280318439,0.6164225779037553,0.79058015340162,260.25,9.51,15.45,24.79,0.6505985182483967
