,f1,precision,recall,balanced_accuracy,tn,fp,fn,tp,pr_auc
0,0.641777651364973,0.7360826911816432,0.5740830970579127,0.771755828994215,262.02,8.26,16.95,22.77,0.6471787549584426
