,f1,precision,recall,pr_auc,balanced_accuracy,tn,fp,fn,tp
0,0.6827956989247312,0.7341040462427746,0.6381909547738693,0,0.8020331628468753,1302,46,72,127
