,f1,precision,recall,balanced_accuracy,tn,fp,fn,tp,pr_auc
0,0.6420075443370107,0.7405679632152524,0.5706357232790344,0.770419659723117,262.11,8.05,17.16,22.68,0.6471625493506968
