,f1,precision,recall,balanced_accuracy,tn,fp,fn,tp,pr_auc
0,0.09060963709493121,0.1656468253968254,0.06942460317460318,0.522656185345933,137.41,3.4,7.62,0.57,0.19483460457762022
