,f1,precision,recall,balanced_accuracy,tn,fp,fn,tp,pr_auc
0,0.07136208236208237,0.1895,0.04659570984570984,0.5198714024633498,140.42,0.97,7.26,0.35,0.17019641806736235
