,f1,precision,recall,balanced_accuracy,tn,fp,fn,tp,pr_auc
0,0.6719310137382721,0.6260558168702995,0.7305147276061702,0.8330309584122466,252.85,17.42,10.7,29.03,0.648469084788603
