,f1,precision,recall,balanced_accuracy,tn,fp,fn,tp,pr_auc
0,0.001818181818181818,0.005,0.0011111111111111111,0.49938884867853817,140.92,0.33,7.74,0.01,0.24150490358693635
