,f1,precision,recall,balanced_accuracy,tn,fp,fn,tp,pr_auc
0,0.2614226536063539,0.23230113492458693,0.3348808413808414,0.634610451246226,131.68,9.27,5.38,2.67,0.2255251143352258
