,f1,precision,recall,balanced_accuracy,tn,fp,fn,tp,pr_auc
0,0.0,0.0,0.0,0.49876405579984334,140.65,0.35,8.0,0.0,0.23194412771304562
