,f1,precision,recall,balanced_accuracy,tn,fp,fn,tp,pr_auc
0,0.6134466409316572,0.755296386731838,0.5209707280805005,0.7479231260581491,263.49,6.79,19.11,20.61,0.6565883661445387
