,f1,precision,recall,balanced_accuracy,tn,fp,fn,tp,pr_auc
0,0.0016666666666666666,0.0025,0.00125,0.4983604385457745,140.66,0.64,7.69,0.01,0.08207891477273101
