,f1,precision,recall,balanced_accuracy,tn,fp,fn,tp,pr_auc
0,0.004722222222222222,0.01,0.0030952380952380953,0.49921873871150363,140.52,0.66,7.8,0.02,0.18387046952592456
