,f1,precision,recall,balanced_accuracy,tn,fp,fn,tp,pr_auc
0,0.6590455444041292,0.740774283694734,0.5992488634911848,0.7841018584054205,261.73,8.39,16.08,23.8,0.6677091363211554
