,precision,recall,thresholds
0,0.10967741935483871,1.0,0.0
1,0.10416666666666667,0.14705882352941177,1.0
2,1.0,0.0,9999.0
