,f1,precision,recall,balanced_accuracy,tn,fp,fn,tp,pr_auc
0,0.061216394716394715,0.15783333333333333,0.042658480408480415,0.518416867922744,140.49,0.83,7.4,0.28,0.19996261919567324
