,f1,precision,recall,balanced_accuracy,tn,fp,fn,tp,pr_auc
0,0.66612024032307,0.7485452415200032,0.6049988490837839,0.7873765568498676,261.77,8.17,15.86,24.2,0.6202964550425978
