,f1,precision,recall,balanced_accuracy,tn,fp,fn,tp,pr_auc
0,0.6490042924636988,0.7461252744090667,0.57940540347344,0.7754215681537409,263.21,7.73,16.49,22.57,0.6148288816260797
